ParentLocation,Location,other_1,other_2,SDG1.a,SDG16.1,SDG3.1_1,SDG3.2_1,SDG3.2_2,SDG3.2_3,SDG3.3_1,SDG3.3_2,SDG3.3_3,SDG3.3_4,SDG3.3_5,SDG3.4_1,SDG3.4_2,SDG3.4_3,SDG3.4_4,SDG3.4_5,SDG3.4_6,SDG3.5,SDG3.6,SDG3.8_1,SDG3.8_2,SDG3.9_1,SDG3.9_3,SDG3.b_1,SDG3.b_2,SDG3.b_3,SDG3.b_4,SDG3.c_1,SDG3.c_2,SDG3.c_3,SDG3.c_4,SDG3.d_1,SDG3.7,SDG3.a,SDG3.1_2,SDG3.b_5
Eastern Mediterranean,Afghanistan,61.65,15.59,2.14,9.02,673,134.80205447830102,230.59499076638966,175.3404893813481,0.03,189,23.52,0.5,13275429,245.2,20.458217913204063,186.13227146814404,22.215489381348107,4.01,1159.64,0,14.81,48.57,37,0.98,13.92,5.82,40,66,62,2.78,1.48,0.034,0.47,42,97.20786117927707,14.358805716327618,66.57461483931976,68.86648154460929
Europe,Albania,77.84,21.13,9.62,3.78,16,7.552973342447027,11.312371838687628,10.047846889952153,0.04,17,-31.993667247572315,1.29,21,96.41,7.194121667805878,498.42788790157215,30.2323991797676,4.69,229.24,6.4,13.82,31.43,59,0.32,0.17,0.63,98,98,98,12.16,36.5,5.16354429959427,6.488551193115798,82.02703678947934,17.3,29.7,94.66753933832963,56.50276549990706
Africa,Algeria,76.54,21.81,10.73,1.66,113,37.99931044673201,61.628823326601974,53.23843766930996,0.05,70,0,0.22,10752,95.03,15.411515539575431,201.15746441412597,15.6627099443432,2.55,1447.79,0.6,21.05,35.71,78,0.71,1.87,0.02,96,91,61,18.33,22.43,4.2627421848588956,5.606084170646372,73,43.97764255123269,19.1,87.91191792214921,65.47075943129956
Africa,Angola,61.72,16.71,5.43,9.82,246,124.85336480061085,341.3389789331205,228.84114809287476,0.95,362,205.5,4.85,14419092,238,16.242668240030543,89.09172942768889,14.843994030472356,6.23,679.18,8.8,24.75,31.43,40,2.25,48.81,1.57,26,59,55,-5.914274138864215,-9.936513233507696,-1.0822422167010255,-0.7075023429806349,55.48743358334167,111.43513041230123,13.592515160361916,61.05840918257836,68.24041432869346
Americas,Antigua and Barbuda,76.14,20.43,11.61,2.42,43,5.9405940594059405,10.891089108910892,9.900990099009901,0.12309509898889698,3.7,-29.025189960627326,0.38,176,119.9,61.64356435643565,202.67326732673268,25.73267326732673,0.54,5.145,7.8,0,24.29,73,0.77,0.11,2.610625964085904,68,92,85.61068879187653,27.541210060195976,44.87,5.0426941218400865,6.333691975815221,81,31.1,23.60170615625578,94.2090914132015,55.9984579044052
Americas,Argentina,76.17,20.98,13.47,6.23,40,11.00645426140899,18.74016466348895,16.694414669190593,0.14,27,0,0.01,80002,111.4,23.080256345930167,229.4775013113782,86.8383241726914,8.27,2717.67,9.6,14.06,34.29,76,0.44,0.36,0.01,88,92,82,40.01,25.82,5.358117021398975,6.647961453436057,76,25.93559958496245,23.6,98.4,56
Europe,Armenia,74.51,19.42,6.05,3.8,26,10.837606837606838,20.068376068376068,17.88034188034188,0.06,44,0,0.25,39149,116.4,40.61538461538462,470.35897435897436,47.14529914529915,5.71,256.76,5,15.7,44.29,69,0.81,0.18,5.03,97,94,94,27.419268629332535,45.21,4.974501742951233,6.1820987884828895,81.64745852756766,24.5,27.5,94.7389734835877,52.70761393544027
Western Pacific,Australia,82.28,25.01,17.49,0.99,6,3.046505844317334,4.9282931277460005,4.169775346099644,0.04,6.5,-76.179092218402,0.15,20994,60.73,20.17325706706458,183.3416231451546,49.70156677443422,12.17,1432.85,10.8,5.57,54.29,87,0.15,0.095,0.6209423728190919,94,94,94,35.67,124.1,5.86,8.64,100,10.3,17.1,97,86
Europe,Austria,80.98,23.59,14.96,0.53,5,2.1694214876033056,3.535353535353535,2.9269972451790633,0.14307221497720551,8.1,-97.24609522940297,0.32,118,61.89,40.0137741046832,393.90495867768595,48.955463728191,15.53,761.14,12.1,5.17,41.43,79,0.13,0.12,1.7776449616069487,89,87,87.45804566684544,51.23,70.18,5.66,7.08,87,7.2,30.7,98.4,49.14107616829036
Europe,Azerbaijan,70.67,16.62,3.29,2.53,26,23.81491002570694,44.40102827763496,39.48586118251928,0.07,66,0,0.27,1719031,117.6,28.10282776349614,522.6940874035989,24.380462724935732,3.99,727.28,0.5,8.68,32.86,65,0.91,1.12,0.39,98,97,97,24.098419085532694,49.11970833246971,4.392851671508171,5.555443480888264,78.9680451607738,52.8,20.3,99.8,55.83687112607356
Americas,Bahamas,72.92,20.88,14.56,32.36,72,9.974424552429667,18.67007672634271,16.112531969309465,0.1687997536037032,27,-19.235611657846352,0.31,4077,159.2,43.37595907928388,201.20204603580567,12.025575447570333,3.57,17.95,4.7,8.2,32.86,75,0.18,0.069,2.79132199473366,74,94,94,26.251748877137643,53.80582362996031,4.8072359347542974,6.0639883795107385,75,34.00507208854986,10.9,99,19
Eastern Mediterranean,Bahrain,76.46,19.67,8.49,0.36,15,4.842105263157895,11.157894736842104,9.614035087719298,-0.36624884335402097,12,-40.46874154080592,0.18,3,56.81,45.69122807017544,77.6842105263158,10.161403508771931,7.66,31.27,1.4,6.94,32.86,77,0.22,0.04,1.850460384597478,99,99,99,30.411162746521917,63.363678344025345,5.631970385531272,7.1130235282337475,96,13.9,25.3,99.7,59.59166134198
South-East Asia,Bangladesh,73.58,20.9,3.02,2.82,186,39.35760223869606,65.23945701801757,53.3703176395503,0.3043180513494987,221,1.93,1.38,47484224,130.2,16.0194413078698,145.41644165152928,31.26503510236143,3.39,4870.78,0,15.8,52.86,48,0.29,11.94,1.25,92,98,97,4.97,2.64,0.44,3.9571694707264524,76,108,40.1,49.8,63.70162705741554
Americas,Barbados,76.22,21.4,9.29,11.18,30,9.824561403508772,14.736842105263158,13.68421052631579,0.22,1.2,-60.97763571849306,0.34,1433,100.4,94.80701754385964,325.05263157894734,40.35087719298245,0.62,26.01,10,5.6,37.14,77,0.61,0.16,2.5454297921159545,87,97,96,30.44774525343448,60.779873617833594,5.51111000026091,6.770515359337132,84,23.03124173194067,8.8,99.1,15
Europe,Belarus,73.82,19.23,10.31,3.63,3,1.8354430379746836,4.609704641350211,3.4704641350210967,0.24,42,-77.03832326749414,0.2,0,160.6,4.734177215189874,795,24.018987341772153,24.19,1102.06,11.1,8.91,42.86,76,3.54,0.052,0.6,98,98,83.18571425177345,30.139485739748483,57.756518579878986,5.3388184470898,6.387556521041291,84.21972466784547,16,27.5,99.33107471127855,41.99017876607765
Europe,Belgium,80.71,23.59,14.72,1.44,5,2.4123965486881493,4.199683042789223,3.3808769149498152,-0.22763667039028312,10,-94.56539618073658,0.18,20,71.56,13.83166050360979,271.1216763514703,77.65451664025356,19.27,947.33,11.8,5.79,44.29,84,0.31,0.28,1.3445399694517355,85,98,94,30.68,73.78145546717816,7.47,12.22,82,6.2,25.5,102.86601381825332,67
Americas,Belize,74.05,21.47,11.99,35.5,39,20.708446866485012,31.062670299727518,26.702997275204357,0.16741558297048403,37,0.016,1.49,7312,179.3,40.08174386920981,97.4659400544959,15.896457765667577,5.84,10.53,7.2,28.19,35.71,64,0.3,0.97,8.41,96,95,83.98532726191162,21.375861356373466,21.44,3.946199894248906,5.124620259767826,76.66967539771231,69.2,20.884451708399986,87.64252522481068,60.5989774668419
Africa,Benin,61.96,17.01,3.73,6.39,408,118.22111846946284,350.07358351729215,229.4701986754967,0.39,59,444.5,5.55,6938376,242.4,21.10927152317881,120.99889624724062,20.318248712288447,8.03,344.62,2.6,27.46,41.43,40,2.84,59.73,4.39,52.21104838671519,76,73,0.48,7.6,0.008,0.012,28,108,7.8,58.35706066094603,76.92753813772607
South-East Asia,Bhutan,72.15,19.16,8.3,1.66,193,29.573934837092732,51.50375939849624,42.73182957393484,0.12859311589665307,193,0.028,0.81,241761,207,23.23308270676692,142.35588972431077,71.441102756892235,4.47,29.51,0.3,18.87,41.43,62,0.27,3.95,2.57,90,98,83.40204582226853,4.06,15.33,3.4354412768736386,0.31,76,53.56701717351011,19.321072896692527,89,98
Americas,Bolivia (Plurinational State of),71.52,18.51,11.09,8.52,161,37.49081557678178,66.8626010286554,54.21565025716385,0.1,114,1.5,0.2,1879813,182.2,56.55767817781043,185.6998530492285,44.076047024246876,6.63,568.16,4.2,15.29,50,68,0.63,5.58,1.69,78.7590958837941,87,87,15.9,11.18,2.2,2.25,77,48.71909064018917,21.78008764935648,89.8,57.61198751737137
Europe,Bosnia and Herzegovina,76.32,19.85,15.49,1.64,10,3.696332101222633,5.231731589422803,4.464031845322718,0.94874635875748,33,-54.91382638357207,0.3,0,92.03,69.91754336081888,532.7836224054591,34.74552175149275,10.51,340.95,7.2,16.3,35.71,61,0.4,0.079,9.93,78,78,83.11646354681424,27.992483836636403,54.73,4.983490032066725,6.03929948818785,57,11,39.1,99.9,45.520134216825454
Africa,Botswana,60.93,15.89,11.21,16.94,151,44,109.24444444444445,82.62222222222222,6.27,326,0.81,0.19,261950,249.2,58.13333333333333,170.44444444444443,32.58666666666667,17.76,88.51,6.9,24.77,35.71,61,1.97,11.77,2.36,74,95,91,3.84,41.15,0.42,2.673775646593208,71.21073040018149,62.1685741388387,24.3,99.7,78
Americas,Brazil,75.13,21.42,9.97,32.95,62,13.70700158437393,23.253215701193817,20.75915108377919,0.25,43,3.22,0.07,10461013,142.8,31.4298372766105,180.23337009337692,41.62039556375299,5.99,9640.12,7.9,19.89,42.86,79,0.14,1.05,0.03,77,89,84,27.097150430333024,93.51,5.006860359352545,6.365052121986899,97,58.6,17.8,99.1,72
Western Pacific,Brunei Darussalam,74.4,19.03,6.15,1.31,31,8.51063829787234,17.257683215130022,14.184397163120567,-0.5340594890761732,66,-10.277991802110325,0.34,9240,97.7,46.832151300236404,121.9385342789598,22.60756501182033,2.56,15.76,0.5,9.05,35.71,81,0.39,0.045,2.0189040446658386,97,99,87.64834164928538,27.39966532536165,64.72,5.128258576217218,6.609962698683512,81.10249098425261,10.2,15.7,100,87
Europe,Bulgaria,74.55,19.4,11.79,1.41,10,3.5058196606366567,7.123825550413686,5.90380030851213,0.04,27,-110.377151298179,0.31,272,135.3,22.99817697377647,976.7494040106577,79.97475809844342,9.65,1019.66,12,10.21,42.86,66,0.42,0.13,3.193572822084363,88,92,90,33.082254493522846,43.31,5.8068448520020635,6.8127242414034415,86.75365622572687,38.2,40.1,103.25042432709222,3
Africa,Burkina Faso,60.92,16.44,11.03,9.75,331,107.02563552504559,366.49147270192,222.25678429690015,0.19,51,401.7,4.29,12492287,254.6,16.582645071328972,97.59733991204548,11.986485037005256,7.84,503.59,10.7,30.49,44.29,40,3.4,49.64,9.15,59,91,91,0.65,6.59,-0.4690999056725995,0.13,57.50878733555188,132.3,16.9,62.85718233156234,72.80889092008451
Africa,Burundi,62.05,16.18,8.52,6.37,558,90.93500570125427,250.24705435195742,175.0380083618396,0.29,118,229.6,2.59,5898120,290.2,14.557202584568605,89.39566704675028,20.686050931204864,6.41,261.67,7.2,34.81,40,42,3.5,65.4,9.57,72,94,94,-1.1067784889627283,0.7059016418989188,-0.14843729727237243,0.4516333990493555,62,100.58894319097783,13.2,65.06081573942325,70.38353367835698
Africa,Cabo Verde,74.88,21.69,10.39,12.2,59,21.85185185185185,36.2962962962963,31.111111111111114,0.21,58,0.35,0.71,145562,121.8,21.981481481481485,134.55555555555554,13.953703703703702,14.35,17.05,6.3,25.42,32.86,69,0.44,4.14,0.92,92,96,83.80689745083511,21.605399215852444,11.52,0.075,0.075,62,12,21.33079582789493,92.6,59.50038262212098
Western Pacific,Cambodia,69.17,17.57,6.32,2.44,168,37.98375840629362,69.80078670219515,59.97969800786702,0.08,348,16.93,0.56,4771389,170.5,25.104682146935666,155.66552467960918,25.859662479380788,5.07,597.72,6.6,17.78,44.29,60,0.5,6.47,3.01,67,93,87,16.562485624701942,7.2,3.0221352010029863,3.9939441053996823,55,57.179461414076265,23.6,83.48083803535086,59.244594837128794
Africa,Cameroon,59.11,16.41,5.34409064215662,6.93,538,104.15120098980331,306.70250437305344,203.1912624258714,1.04,203,247.4,1.9,19389766,341.4,28.76829216263492,111.81364392678869,18.563078629634372,9.22,713.29,6.1,29.53,34.29,46,2.8,45.15,2.22,55.535245866648424,75,72,-3.7504120123894182,-5.751794732029666,0.037,0.083,54,106.1589925209077,9.4,63.272370612895955,67.09076391870846
Americas,Canada,81.76,24.72,19.75,1.68,10,3.7007440066133923,5.508404519151282,4.808487186552769,-0.8196172246655791,5.5,-70.24974603009079,1.03,0,62.83,19.18434830531827,191.65885918985947,52.328465141912375,11.86,2395.79,9,5.82,40,89,0.3,0.37,0.9049346723216476,86,91,80,35.31641239701591,99.19,6.5747053192723826,8.268115633321331,100,8.4,19.1,97.8,79
Africa,Central African Republic,50.53,12.77,4.95,22.03,890,151.33841131664852,432.752992383025,309.6844396082698,1.5,540,348.6,6.62,3756993,411.9,29.815016322089228,180.80522306855278,39.54298150163221,13.73,183.99,2.4,34.07,28.57,33,3.15,82.11,10.62,35.36291120931071,42,43,-24.602279180232202,-49.83736312065218,-4.641644170032569,-5.0196909153009095,29,154.5537074240703,11.738399242516007,44.499204304464854,65.03947692787676
Africa,Chad,57.91,16.16,5.73,9.5,1140,152.5427246938352,526.1952535805715,317.01376876772986,0.45,144,194.1,3.08,6138675,359.7,15.664567909776517,96.58894347194354,19.463087248322147,6.65,382.41,1.6,27.4,35.71,28,3.76,101,4.16,41.72588156995436,41,70.63456250289026,0.37,2.13,-3.183786298400983,-3.0022486742542958,40,141.09848192771656,12.1,48.19579832214403,78.11421500552042
Americas,Chile,79.82,23.61,16.75,4.01,13,6.633165829145729,10.273590173087662,8.743718592964825,0.27,16,-73.26805905401807,0.28,44,87.43,27.64935790061418,157.98994974874373,38.75488553880514,9.99,888.08,9.2,12.33,42.86,70,0.3,0.2,0.01,87,95,93,45.88,112.4,10.5,4.7,79,33.4,45.5,99.7,75
Western Pacific,China,76.64,20.58,9.06,0.92,29,6.043934632974709,12.194783249434078,10.438106439282564,0.6567558626287725,63,0,0.83,26375574,80.36,15.14019618609693,287.7109142243777,69.42295497780597,8.16,84776.3,7.1,18.02,38.57,79,1.94,0.58,0.11,99,99,84.43243466573918,18.65,24.67,5.32248937233226,6.490550625728699,98,24.455045766591134,25.1,99.9,47.7237894522807
Americas,Colombia,78.35,23.42,19.09,43.07,84,12.543933570386203,23.040716913653835,19.809672579285962,0.26,33,10.83,0.21,3761361,137.1,14.235504490987195,137.64618831315642,36.112881014531474,4.23,1655.81,5.6,18.57,54.29,76,0.11,0.75,0.07,87,91,89,35.93,59.12249506592871,5.247351160906728,6.658291828231787,89,62,8.6,94.21974842902819,8
Africa,Comoros,66.45,17.92,3.63,7.95,279,104.64824120603015,224.12060301507537,170.35175879396985,0.01,35,1.34,1.96,527919,225,19.334170854271356,106.44472361809045,17.185929648241206,5.49,21.33,0.8,26.52,21.43,52,2.53,50.74,8.21,63.49653800905435,91,77.94833945091011,4.464932661451449,6.29,0.8543696235822629,1.5769317071836477,63.46232760032834,86.94141852989263,20.9,70.82643420253547,67.09060349508206
Africa,Congo,63.11,16.11,2.89,10.5,397,67.75263363246195,170.91299258681232,123.01989855637925,1.56,378,211.3,4.11,2278289,260.5,23.000390167772142,117.86968396410457,16.87085446742099,6.74,129.17,7.9,28.21,32.86,39,1.41,38.71,1.65,59.26975542740135,71,67,1.06,9.31,0.054,0.15,44,96.5603859243271,15.4,67.53374394527549,63.081002762787854
Americas,Costa Rica,80.78,24.87,28.55,11.72,28,9.038501132386248,13.032736256948734,11.035618694667491,0.18,9.4,0.002,0.17,24462,96.74,23.7183446571958,120.52707432571546,30.224418365246038,7.66,180.09,4.1,16.57,47.14,77,0.2,0.86,0.01,87,97,94,13.76,30.05,1.4,7.3,86,53.2,10.5,98.8,67.47642366735958
Europe,Croatia,77.58,21.05,11.88,1.22,7,2.75338238784714,4.533586517920721,3.821504865891289,0.02,12,-87.46555072030797,0.11,9,87.51,45.19344884880133,550.9138381201044,47.78067885117493,16.43,475.57,8.8,8.08,51.43,71,0.42,0.11,2.3613553803529603,96,93,85.75312681524996,30,81.22,5.973803298954125,7.242555491145078,71,9.6,36.3,99.9,46.57453218375757
Americas,Cuba,77.91,21.81,17.3,5.25,37,2.3963053328685953,5.803415824329035,4.3220634367375395,0.2,6.9,-90.69489982081971,0.12,43687,92.46,20.59951202509585,315.03136981526666,47.31613802718717,13.36,833.02,6,8.6,50,83,0.19,1.03,0.11,99,99,88.77315985944857,79.54,78.58,6.580825020791917,8.113758851175632,99,48.7,28.6,99.9,53.47851100099135
Europe,Cyprus,82.01,24.17,7.45,1.28,6,1.623931623931624,2.8205128205128203,2.3076923076923075,-0.09113544372516857,5.6,-71.98977454398894,0.6,1,55.41,33.26495726495726,192.13675213675214,52.77777777777777,4.63,61.63,10.8,5.21,41.43,78,0.49,0.28,1.8004071836618945,88,97,81,19.51,52.51,6.085902462704862,7.531891700971444,93,4,37.1,95.6,53.863431245197006
Europe,Czechia,78.46,21.5,14.83,0.7,4,1.686928658938837,3.3267364056168125,2.657619451512581,0.34671711405043193,5.5,-97.77208394646797,0.39,4,81.13,36.424465177645835,455.50843464329466,44.529262086513995,12.99,979.88,14.2,5.93,42.86,76,0.81,0.18,2.0274738886259014,93,96,86.67748288940163,40.19,69.14648147185027,7.49,6.75,87.61066800444341,11.8,31.9,102.70040516697996,47.12907295863015
South-East Asia,Democratic People's Republic of Korea,71.76,18.61,10.220603917988914,4.38,90,15.254838582521975,27.529662186132683,20.852221214868543,1.3415529831365278,513,0.28,0.53,5214937,132.2,21.628759509637746,357.36134652528676,110.646852457724,10.36,1783.96,4.5,24.09,31.43,71,1.59,1.36,0.9,98,96,80.85854650334909,37.01,45.09672259583611,4.170027304975158,3.99,73,37.54231292949785,19,93.02681314653466,44.243453705953485
Africa,Democratic Republic of the Congo,60.44,16.25,3.81,13.3,481,122.93360089412721,385.1973684210526,297.66942694574277,0.32,323,304.7,1.43,49900757,256.1,17.265291607396872,112.3564824222719,25.997002641739485,6.53,2238.21,1.3,33.67,35.71,41,2.06,59.76,5.27,52.280095081008554,57,58,-7.03213276386381,0.23,0.019,0.051,71,109,12.189757174639123,59.390828401478885,71.51946423981855
Europe,Denmark,80.59,23.16,16.26,1.07,4,3.3963585434173664,4.219187675070028,3.6064425770308124,0.0021672485758823523,5.9,-97.37653944973293,0.79,0,65.04,26.383053221288513,233.0707282913165,84.10364145658264,10.87,478.03,10.4,3.97,51.43,81,0.13,0.31,1.5985658139170869,85,94,94,40.1,103.2,7.44,5.22,89,2.5,20,94.4,16
Eastern Mediterranean,Djibouti,64.64,17.48,4.07,6.92,246,72.39915074309978,139.3842887473461,115.81740976645435,0.22,339,19.81,0.64,110561,244.5,32.462845010615716,165.49893842887474,19.68152866242038,9.32,34.02,0.5,23.79,35.71,47,2.64,31.29,11.73,81,68,68,6.594242991822014,13.518535413380782,1.1440243390933835,1.7500518231137328,65.46075262805671,80.45683733292756,19.06064354117981,74.35747905683135,59.026910293663526
Americas,Dominican Republic,71.75,20.24,15.72,17.93,94,41.05549816884215,59.554887782890404,49.582120386890786,0.29,51,0.15,0.34,970832,160.1,32.94206028735092,251.67621372898867,18.0204714057658,6.36,521.8,6.4,35.43,51.43,74,0.48,2.21,0.24,78.95549839041354,87,30,20.33036394118642,12.07,3.7703860943007546,4.947390199106351,71,48.90087528492042,10.1,99.8,62.11545067529424
Americas,Ecuador,77.18,22.53,10.99,7.6,61,15.636252670125113,29.893194995422643,25.773573390296004,0.17,40,2.48,0.32,1942753,114.2,37.45498931949954,114.77570949038754,20.555386023802257,8.96,590.28,3.9,21.16,45.71,77,0.38,0.64,0.5,64,83,84,20.37,28.54,3.18,5.781794899989336,81,69.7,18.93006223071016,95.9,95
Eastern Mediterranean,Egypt,70.49,17.03,5.06,3.94,38,33.78235742875356,60.885786245022935,52.06763577840713,0.03,14,0,0.8,1673826,164.6,26.628975117307107,256.27292583264534,22.115394663963464,3.2,4767.67,0.2,9.83,50,68,0.22,2,0.2,96,95,84.24183719615385,8.21,19.25,1.86,4.04,94,46.414838666809096,21.3,87.42141930900173,61.63209930099521
Americas,El Salvador,73.25,21.76,20.92,86.27,47,13.601260835303387,27.486209613869192,23.624901497241922,0.18,60,0.009,0.57,742568,176.8,32.19858156028369,118.31363278171787,37.77777777777778,5.72,247.08,3.6,22.2,51.43,76,0.24,2.01,0.77,87,93,90,15.66,18.04,1.43,5.76422595880549,94,39.73434187400486,13.3,99.9,61.00045228777081
Africa,Eritrea,62.29,15.08,2.35,11.56,498,40.96871846619576,97.35620585267407,71.28153380423814,0.14,108,25.64,0.74,1497725,252.1,22.03834510595358,120.58526740665992,21.150353178607467,11.47,133.61,2.2,37.17,28.57,38,3.31,45.56,2.44,88,95,95,5.135459842153576,14.39,0.9369205891800876,1.607665638820468,49,84.78194040617896,7.7,72.0612622312151,63.921402120504865
Europe,Estonia,77.6,21.92,12.42,2.72,11,1.3719512195121952,3.125,2.4390243902439024,0.26752261646893677,16,-88.10218885393378,0.36,9,118.6,14.710365853658535,629.4969512195122,26.6234756097561,15.73,143.54,14.4,6.08,60,75,0.9,0.006,2.0493818781757307,92,93,86.71389372692714,34.55,64.33,9.55,7.32,71,10.5,31.5,99.7,48.83625720287583
Africa,Eswatini,54.05,14.65,7.79,18.97,436,43.782576321667904,133.35815338793745,99.03201787043932,11.31,537,1.12,0.85,198319,393.3,75.65152643335816,155.02606105733435,34.13998510796724,32.84,54.9,8.6,32.41,40,63,3.58,27.89,13.21,76,90,90,0.96,37.7,0.1097877160836469,-0.16551986642400962,64.52641215220157,81.89575341391617,10.8,77.68340036295159,27.07439430429721
Africa,Ethiopia,66.82,18.08,5.02,7.71,422,103.00674784918412,193.2785172309405,136.7938439303536,0.21,177,55.21,2.61,74204513,219.5,17.98775426501177,88.52670331923869,16.043475288809898,5.45,2505.54,1.6,26.38,48.57,39,3.58,43.66,3.53,58.38538805769251,66,61,-0.7041178182368739,2.3287689154092206,-0.03509765585862157,0.6451596890726838,79,100.15682503300253,4.8,27.7,73.11745076452496
Western Pacific,Fiji,67.83,15.99,7.66,2.31,34,21.802002224694107,52.614015572858726,44.38264738598443,0.11,45,-36.551255936653575,0.34,905113,186.2,182.31368186874306,259.2880978865406,40.40044493882091,9.42,56.55,3.6,9.86,28.57,64,0.24,2.89,7,94,99,99,24.54854299274141,46.4774600915846,4.305549259459966,5.1842435515652365,79.8905105328949,23.1,27.1,99.8,53
Europe,Finland,81.21,23.91,13.12,1.31,3,1.3628929674722878,2.4532073414501183,1.9807377793930585,-0.7721255493165615,4.7,-101.45633766859525,1.05,4,70.18,9.900054515718697,359.84008722514994,32.38233690714156,15.24,503.02,11,4.73,51.43,78,0.36,0.036,0.5721980778478288,85,92,87,45.34,145.7,10.54,18.63,90.12732150638448,5.5,20.4,99.9,57.54091742130184
Europe,France,81.91,25.01,14.76,0.9,8,2.81516045796573,4.870134886667388,4.080592079850435,0.1,8.7,-118.58619872406527,0.01,346,70.98,19.361567342902614,232.32953755349885,51.942955145934086,14.89,5081.03,12.6,5.54,45.71,78,0.38,0.27,1.3496680916716266,80,96,92,64.75,108.9,6.65,10.83,89,5,34.6,97.4,21
Africa,Gabon,64.93,16.91,9.2,8.78,256,71.31313131313132,149.4949494949495,111.06060606060606,1.15,533,253.3,4.16,694499,220.7,38.6969696969697,135.25252525252526,16.8989898989899,9.2,63.84,9.5,23.09,25.71,49,1.4,20.58,2.25,63.86413638700788,75,75.79568545858223,3.56,25.44,0.045,0.23,52,84.77901805623699,19.007878198793836,72.74271438403808,58.33557754281763
Africa,Gambia,64.14,16.67,6.23,8.64,611,121.43207454634626,232.41785188818048,158.55811672388424,1.1,170,131.8,1.17,177144,262.2,16.969102501226093,101.27513487003432,17.155468366846495,4.9,49.81,3.4,28.15,34.29,44,2.09,29.66,12.72,79,95,95,3.0887039229742967,8.517744650112597,0.5956233477394877,1.2686420193742576,62.41150167667784,67.5,15,69.55907420169558,67.10041360825326
Europe,Georgia,72.58,18.43,10.33,2.35,26,8.713375796178344,14.700636942675159,13.044585987261145,1.250394772304916,92,0,0.26,412310,159.9,54.70063694267516,918.9044585987261,38.675159235668794,10.7,527.85,8.9,14.92,50,66,0.69,0.18,2.23,85,92,75,59.97,40,6.39,1.08,82,43.6,30.1,99.9,41.53729503389113
Europe,Germany,80.42,23.21,19.59,1,5,2.126594640786181,3.5219434779954835,2.9872428737105534,0.07769536378296155,7.3,-119.16315780816885,0.24,1129,68.69,29.49642922541659,419.37252029542816,70.56949276689251,13.02,8433.44,13,4.05,47.14,83,0.18,0.59,1.4196268913472565,93,93,84,41.94,128.6,8.58,6.38,90.14152333522831,9.2,28.6,97.8,37
Africa,Ghana,64.55,16.8,6.54,6.21,314,76.78944942744708,157.0496685219981,113.25912007657674,0.8,156,237.5,3.61,15536910,241.3,25.217144680398484,119.5022512142376,20.016308008650334,7.2,832.05,3,24.64,55.71,47,1.92,18.84,4.94,75,93,93,1.27,21.16,0.14,0.2,74,75.1,3.9,71.83259703003132,69.51664693081398
Europe,Greece,80.38,23.46,8.74,0.85,3,2.03862660944206,3.469241773962804,3.0221745350500715,0.13748997697014909,4.4,-113.34164766170034,0.37,79,66.42,16.496781115879827,405.09656652360513,89.69957081545064,4.67,1029.77,10.8,9.67,28.57,75,0.15,0.037,1.568152505725854,83,99,96,62.15,35.53,12.46,10.65,89.47879294995084,9.2,40.2,99.9,47.62231566277036
Americas,Grenada,72.7,18.86,7.38,6.39,25,18.69158878504673,28.971962616822427,25.233644859813083,0.710421495433133,6.3,-31.51411168720053,0.47,151,140.2,100.18691588785046,309.6261682242991,24.887850467289717,0.97,8.459,8.5,9.07,21.43,72,0.27,0.34,3.3189246305570292,85,96,83.38692079487896,25.996798888222305,51.43721455687002,4.671073767027556,6.8,66,33.405412338285736,25.54534966386068,99.3,50.100741371000815
Americas,Guatemala,70.95,19.85,18.21,26.42,98,34.16355083825835,68.24870341333977,57.45386563743819,0.09,24,0.45,0.05,3265661,161.7,53.14799179833554,94.68701001085515,14.708720299119525,5.71,558.01,1.7,16.63,38.57,55,1.69,6.3,1.28,65,80,81,16.299848403418604,10.05,3.040567206699242,4.1212836224179155,55,78.9,18.72510973130276,69.8,64.17761298284786
Africa,Guinea,58.81,15.89,4.11,9.38,621,111.22136172959019,362.06034204582124,234.35785737334623,0.57,176,339.9,7.47,7246135,262.1,20.53888351080994,112.65730880929333,21.724749919328815,7.09,351.83,1.2,29.73,34.29,37,2.79,44.63,8.26,50.10540390884684,47,73.32961776377468,0.83,1.24,0.043,0.091,52.70707984645679,120,11.122212079381448,62.7,73.41940933371137
Africa,Guinea-Bissau,58.23,15.03,2.68,9.6,679,133.5352422907489,303.30396475770925,200.99118942731278,1.51,361,84.3,2.12,1576882,268.9,21.079295154185022,112.99559471365639,19.69713656387665,7.31,52.11,5.2,31.7,32.86,40,2.44,35.27,11.23,55.16956771592357,85,83,1.27,5.94,-0.815316738451807,0.028,49,106.58580391069894,15.467907453151508,63.48584100347644,63.96047301527125
Americas,Guyana,65.59,16.61,10,22.8,170,40.7503234152652,65.45924967658473,54.20439844760673,0.51,94,3.42,0.95,720459,263.7,77.20569210866752,326.3906856403622,30.310478654592497,37.9,48.81,5.8,24.63,35.71,72,0.08,3.65,2.85,94,97,92,19.77327489396163,7.32,3.3711460289023187,4.014049223810992,76.36753831958177,46.21132907727311,13.2,90.05032930620763,8
Americas,Haiti,62.61,16.47,4.97,20.7,489,67.09689315017978,171.32847792016224,129.52890200055316,0.69,188,3.98,2.04,7581135,243.5,51.15700193601918,268.8946252420024,33.410159491103535,9.82,591.31,2.8,18.27,37.14,49,1.33,23.79,8.73,26,64,75.96424956291646,3.9548347415455503,8.375155875920846,0.6649387295103448,1.205888333456703,56,86.86710431984969,8.6,71.6835283754218,60.293037097974384
Americas,Honduras,69.82,17.87,11.23,63.1,65,22.82453637660485,41.786458904861185,35.80599144079886,0.13,39,0.66,0.25,2752416,145.1,21.749149566553275,159.9253813233842,37.79216503895534,2,364.94,3.5,16.37,47.14,65,0.45,3.62,2.92,79.1317074799827,95,94,5.98,7.32,3.7698070673768918,4.903088122296596,83,48.17815613536626,20.933458285667996,79,53
Europe,Hungary,75.57,19.9,10.11,1.52,12,2.3685019993848044,4.41915308110325,3.6809186916846097,0.5197313045472848,8.7,-84.98961271371883,0.44,29,125.8,27.776068901876346,616.999897467446,65.05690556751769,18.72,1154.92,11.6,7.75,48.57,74,0.59,0.24,2.4061348553009934,99,99,98,32.31,66.43,6.24,7.54,85,24.8,31.4,99.7,72
Europe,Iceland,82.14,24.41,14.95,0.98,4,1.506024096385542,2.710843373493976,2.108433734939759,-1.1761074477927094,2.1,-57.35500384663429,0.88,0,55.01,9.234939759036145,207.5,45.21084337349397,12.97,19.7,8.7,6.62,54.29,84,0.27,0.1,0.6182154020324262,95,91,90,38.89,151.6,8.37,5,72,6.7,15,97.9,91
South-East Asia,India,69.31,18.49,3.39,3.89,150,45.38348899047026,75.20184326646634,60.53432675991243,1.5734903357044816,211,10.03,0.51,631095664,178,23.96397444136747,179.7739868944419,81.54256512187625,12.05,56119.75,5.5,15.33,42.86,55,0.27,18.58,0.28,76,88,79.11409692231611,7.59,36.51682610443935,1.49,5.6,98,10.7,28.8,89.02972627988846,44.91318502491718
South-East Asia,Indonesia,70.61,17.67,8.41,4.52,184,26.199950213507456,50.3578882867702,42.25341324703675,0.8710202907934725,322,4.49,1.07,101813236,175.6,45.51327958945292,245.3382609195182,39.0843115102541,2.39,12745.54,0.2,12.15,52.86,57,0.31,7.06,0.51,55,84,81.63737068422134,20.837374736719617,41.34410551372552,3.7327005323540092,4.695791709646887,99,36,38.1,92.6,52.439503144868056
Eastern Mediterranean,Iran (Islamic Republic of),76.66,21.56,22.94,3.28,16,18.188273104376098,28.90616241264621,25.039550556199163,0.06,15,0.1,0.02,14597,80.13,20.766844799880413,184.42517782179206,18.519625795682447,6.22,2787.42,1,20.65,32.86,72,1.04,0.98,0.03,98,99,87.98784450048605,27.707297165115786,59.252011652579085,5.196760787379285,6.708153297245217,81.30148640954495,33.6,14.6,92.6193354346972,64.93014176209222
Eastern Mediterranean,Iraq,70.29,19.24,1.68,15.8,78,49.96102464854985,83.5739053302153,70.19863989463215,0.2265740800526348,43,0,0.06,2170486,173.5,23.46584952826385,154.79396822836867,6.477972206542484,4.04,989.06,0.4,20.4,38.57,61,0.29,3.03,0.13,75,71,82.40753971287995,8.54,17.15,2.44,2.64,72.07353527015046,70,22.6,81.53513718534649,64.69133512378221
Europe,Ireland,81.14,23.66,19.36,0.79,6,3.216250528988574,5.099449851883199,4.3377063055438,-0.8041947615127836,7.2,-81.16449445372412,0.01,20,62.39,10.827338129496402,178.9039356749894,55.2475666525603,10.02,262.7,12.6,4.13,42.86,76,0.3,0.074,0.7870612857211099,94.70886129939822,95,91,32.32,117.1,6.28,11.47,88.28384159811564,7.4,24.6,99.7,75
Europe,Israel,81.93,24.31,11.74,1.51,3,4.21142578125,7.87353515625,6.38427734375,-0.8483953250575977,3.5,-62.98934152260816,0.48,241,57.98,29.28466796875,128.35693359375,31.726074218750004,5.2,372.51,3.9,4.25,44.29,82,0.048,0.25,0.9600223256492244,97,94,93,67.14,55.06,8.06,7.56,71,9,26,99.48186935268535,62.03336430690346
Europe,Italy,82.21,24.48,13.25,0.73,2,1.686017163048965,2.8032979976442873,2.3674911660777385,0.06,7.2,-103.67638960888628,0.61,214,53.53,36.69022379269729,372.3186942621572,69.21420158169275,6.57,5643.91,7.7,5.49,45.71,82,0.26,0.14,1.0691539185267573,82,94,88,79.01,58.36,8.01,11.55,90,4.8,23.6,99.9,53
Americas,Jamaica,75.85,21.36,12.68,51.39,80,18.049288441513365,25.26900381811871,21.69385629989587,0.62,4.4,18.204614601770025,0.16,347536,131.4,77.09128774730996,179.6251301631378,18.524817771607083,2.23,146.51,4,13.1,38.57,65,0.077,0.61,0.04,85,99,83.96270557302854,4.55,16.07,0.16,0.22,83,55.3,11.6,99.7,59.83620412855076
Western Pacific,Japan,83.62,25.86,23.21,0.25,5,0.6998097832468355,2.1338718894081365,1.535824155179297,-0.21808409085543956,16,-139.0378388572497,1.95,5,50.83,11.531205723723865,280.11491283689105,91.20932453483002,17.49,10735.69,9.9,4.09,57.14,83,0.2,0.17,0.7971589604798255,93,99,99,24.12,119.5,7.95,18.02,100,3.7,22.8,99.8,0
Eastern Mediterranean,Jordan,77.82,21.79,12.22,2.82,47,23.233925549915398,39.56218274111675,34.01015228426396,-1.117857733653928,5.4,-0.5611483868888527,1.01,126,110.5,20.442047377326567,87.54230118443317,6.142131979695431,1.48,199.96,0.6,24.14,44.29,76,0.4,0.63,2.78,99,98,89.65433704224637,28.086485886552097,61.70296119364424,7.03,15.34,78,27,18.208175647841514,91.83714423846736,70.72675823542367
Europe,Kazakhstan,71.91,18.59,9.48,6.26,10,11.057371581054035,23.826995774961084,21.253057593951524,0.17,73,0,0.21,185,181.5,14.882143651323105,339.0982877473872,48.526795641538804,21.74,1114.38,4.7,17.71,40,76,2.29,0.38,0.36,99,82,97,25.830013175543996,50.85676093121218,4.6285335286159315,5.6965830434094835,80.59276550896645,28.1,25.3,99.9,49.28873439503971
Africa,Kenya,64.17,17.32,7.96,5.91,346,67.58903883455078,144.17894432751433,103.77615451281417,1.31,348,64.48,0.86,11770703,219.3,11.69576162766704,62.19924889604226,12.640831992076265,5.43,1030.1,2,27.45,45.71,55,2.38,51.15,3.36,32,89,78,4.826798775734028,10.36,0.9204846149950359,1.6527225945178103,63.745094986817904,86.06841780369967,12.4,71.18691078279726,66.94841363886702
Western Pacific,Kiribati,58.2,13.47,6.47,5.13,94,66.66666666666667,156.140350877193,121.92982456140352,4.103457310771544,575,16.11635666412261,3.65,117424,197,136.66666666666669,318.0701754385965,69.74561403508773,29.51,8.576,2,4.44,24.29,41,2.66,16.66,9.95,79,81,79,9.811846679316831,9.652469231568233,0.71,0.27,69.6265079760578,66.04197355759106,53.5,84.52258820686505,22.087295440722052
Eastern Mediterranean,Kuwait,81.13,24.21,6.21,1.83,12,7.130520602023193,12.607944732297062,10.782136688872441,-1.204552542514584,24,-15.698455237933803,0.11,12,79.22,5.608191463113743,61.6580310880829,2.536392795460153,2.63,50.55,0,18.07,47.14,76,0.36,0.012,1.106384917605785,99,99,99,30.130424686724872,70.9,5.723426411153168,7.446137604908523,85,6.6,22.4,99.9,70.08253724201306
Europe,Kyrgyzstan,71.59,18.41,6.26,4.44,63,38.028878441907324,57.25319006044325,51.09133646742781,0.16,133,0,0.5,113625,162.3,6.358294157152451,255.82605775688378,20.869711215580924,8.62,261.09,6.2,15.08,40,70,1.09,0.78,2.91,98,96,83.71436785452964,23.000031571835652,47.06806158102581,4.197743258485608,5.340693351205453,78.09098821798418,38.1,28.2,89.90172382368112,56.673746160385456
Western Pacific,Lao People's Democratic Republic,67.08,17.5,3.63,6.94,196,58.62681266646938,125.8952352767091,99.09736608464043,0.14,175,8.05,1.94,2206011,192.8,30.1272565847884,167.090855282628,35.23231725362533,5.59,260.22,10.5,16.36,41.43,51,0.62,11.31,3.33,73.90031398517638,83,78,14.991677027862004,12.63,2.669873884183522,3.48576114518748,75,83.4,39.9,82.84196788145717,55.115747993514546
Europe,Latvia,74.8,20.35,9.4,5.97,26,2.4860476915271437,4.819888381532217,4.109589041095891,0.18,37,-88.88575979512514,0.51,20,153.8,29.249112125824453,855.8599695585997,22.48604769152714,21.27,269.44,11,9.32,50,71,1.37,0.021,3.0836845349927495,89,98,84,31.89,2.04,7.15,8.32,91,15.4,37.1,99.9,38
Eastern Mediterranean,Lebanon,75.98,20.13,14.33,4.11,29,8.806392542034294,14.749458964541368,12.785084068586649,0.03,11,-28.21591700507899,0.21,1,95.62,20.492758448476778,270.31796237722654,19.31080406192775,2.71,307.23,1.5,16.23,41.43,73,0.51,0.79,5.84,63,83,86.54105370985693,20.12,15.72,9.82,11.79,81.98565375017488,29.78253037325657,42.6,94.34958798085408,58.427094724797755
Africa,Lesotho,47.67,12.7,0.04636786913565771,45.38,559,113.06715063520872,233.03085299455537,185.2994555353902,8.13,721,70.74272074509379,1.64,530557,483.5,108.52994555353904,319.1470054446461,92.42286751361162,87,169.75,5.1,30.78,34.29,48,5.74,44.36,6.61,82,87,87,-4.710232729499225,-26.278387107153286,-1.7611209969592987,-2.9231360509282833,74,91,28.7,75.00976954005145,2.4025710779405003
Africa,Liberia,61.17,17.06,3.9,10.22,661,111.35674035543997,293.801473775466,215.8864325964456,0.64,308,368,7.75,2919973,230.3,16.402254009536193,83.78846987429561,10.723883831816211,4.48,107.48,4.9,36.13,35.71,39,1.93,41.54,14.27,49.83935969169866,73,73,-9.48670687353535,-15.3990828411727,-1.658700605404618,-1.2463988433537452,52.439218231140394,121.08750062558548,8.8,56.4180221643272,75.18865319562826
Eastern Mediterranean,Libya,74.6,21.34,11.774794704472846,2.39,73,14.937231844907037,26.791673287780075,22.866677260448117,0.1,40,21.946024519426565,0.27,2807,150.3,17.51152073732719,153.01128237724456,13.767678372795169,4.95,183.33,0,25.19,38.57,64,0.87,0.58,0.07,96,97,96,23.173217575776647,50.07488975635714,4.357363570604105,5.728328014069519,64,42.958779009178045,19.199607862083987,88.25865170985321,65.91218018720663
Europe,Lithuania,74.38,20.32,12.77,5.42,8,2.3727647867950483,4.986244841815681,4.023383768913343,0.09,54,-109.31225159735726,0.19,30,154.5,10.78060522696011,817.8473177441541,24.35694635488308,32.77,373.71,15.4,8.1,41.43,73,3.83,0.081,2.9900917126296838,92,94,82,44.34,79.67,9.65,11.34,82,13.3,28,100,37.53225329507897
Europe,Luxembourg,82.31,24.44,10.77,0.69,5,1.7361111111111112,3.125,2.604166666666667,-0.24706429165131427,5.8,-100.34713286710505,0.24,1,55.5,13.486111111111112,206.07638888888889,48.57638888888889,10.16,34.56,12.7,6.21,48.57,83,0.23,0.049,1.2473478626641503,86,99,95,29.05,121.6,9.49,7.01,88,4.7,22.5,103.6182313542509,14
Africa,Madagascar,64.19,16.5,17.51,6.99,348,71.00622614982929,180.76722233380198,129.3593090982125,0.19,233,42.33,4.36,18863123,215.5,14.356296445069292,149.88150230970075,26.700140590480018,5.51,749.22,1.9,28.55,34.29,28,2.78,30.23,4.08,62.970996160837124,68,65,3.856819392333037,0.64,0.6881406022887298,0.002,63.17270090062944,87.66101647570595,30,71.00267521121823,63.32102785659793
Africa,Malawi,63.04,16.87,9.78,2.65,358,73.3196993146142,164.99005085120496,116.85827990271943,2.77,176,211.5,3.03,11435030,254.7,15.404598717665266,78.54852973690028,12.419854079151005,6.07,428.81,4,32.55,42.86,46,2.07,28.29,12.64,61,84,83,0.31,2.99,0.5272808976308014,1.1575268362084068,62.275839227192975,90.51649145619996,13.8,69.58891315396865,65.71309151038551
Western Pacific,Malaysia,74.95,19.89,8.33,2.81,29,7.201718664828294,13.48638855933562,11.584955269823965,0.17,94,0.22,0.17,120318,122.9,19.363837496392726,173.25488184179306,21.217173822426012,5.06,1152.41,0.8,24.03,42.86,73,0.61,0.42,0.05,99,95,87.08228248888342,26.841775900314946,41.96,5.00667860438192,6.439165976886673,100,10.2,22.5,99.5,83
South-East Asia,Maldives,78.41,21.34,20.43,1.99,54,9.813084112149532,16.35514018691589,14.018691588785046,-0.6718685155354787,44,-20.803925901014775,0.19,1937,52.53,18.9696261682243,110.72429906542057,27.710280373831775,3.11,11.26,2.4,0.86,28.57,62,0.055,0.31,1.29,99,99,88.48367513946597,29.06328033244064,30.52,5.445303313617259,6.994343943346287,60,9.8,20.701837633817302,93.95880901952025,64.45526478516598
Africa,Mali,60.89,17.08,5.43,11.3,590,145.40150041678245,433.32592386774104,273.27035287579884,0.8270600274701201,56,384.2,4.88,18605778,269.6,15.47652125590442,82.73409280355655,20.25562656293415,4.21,452.08,1.3,23.15,41.43,38,3.23,70.72,7.55,50.315796104824535,76,76,1.4,4.13,0.06,0.11,52.72758076534737,120.32118055515144,12.1,56.398343806127244,77.82352214937481
Europe,Malta,81.65,24.23,15.77,0.87,6,4.662004662004662,6.993006993006993,6.0606060606060606,-0.5647369492620593,13,-64.50839653849886,0.39,2,55.03,41.35198135198135,295.1048951048951,48.22843822843823,5.81,31.51,7.6,5.96,28.57,82,0.15,0.033,1.2981187536724654,86,97,89.29869697785732,33.84723337432152,70.40618274149271,6.272308127279862,7.867140515844369,85,12.6,25.9,99.8,83
Africa,Mauritius,74.14,20.16,9.99,1.59,67,9.429477020602219,15.293185419968305,13.391442155309033,0.49,12,-49.5856719374888,0.61,0,145.4,194.3740095087163,278.6846275752773,67.36925515055468,8.09,91.49,4.3,13.71,41.43,63,1.36,0.59,0.28,92,96,10,21.94,32.76,3.05,4.07,70,24.1,27.6,99.7,39.242046397923346
Americas,Mexico,75.87,21.73,10.75,20.1,34,14.790653912498039,27.690920495530815,23.783910929904344,-0.4863871692158046,22,0.21,0.04,9532039,126.6,82.03151952328682,134.8478908577701,29.717735612356908,5.56,5399.14,5,13.56,54.29,76,0.48,1.06,0.01,98,93,92,46.49,25.1,1.36,6.494097465126837,97,62.5,14.8,98,99
Western Pacific,Micronesia (Federated States of),62.74,14.78,5.64,4.61,90,40.952380952380956,78.0952380952381,64.76190476190476,2.7158272674163806,169,-1.0400208599373286,0.89,70736,163.8,127.14285714285714,319.8095238095238,55.55238095238094,26.98,7.409,2.4,1.81,21.43,47,0.89,3.57,3.65,45,69,63,16.158859505322486,26.238400495708337,2.595905149228529,2.9416653318404125,86,53.3734979965056,30.02065457773083,88.07937589227144,33.77072162592202
Western Pacific,Mongolia,67.61,16.5,6.62,7.14,46,23.851998678559628,47.670961347869174,41.063759497852665,0.02,428,10.776923202394311,1.72,47,210.7,7.882391807069706,305.583085563264,14.367360422860918,20.08,174.75,8.5,16.33,45.71,62,2.87,1.29,6.47,90,99,79.68213631951637,28.59,40.66,2.34,4.125272844826655,75.46338395076971,49.30974198675934,28.4,87.93857533960421,48.042556804068525
Europe,Montenegro,75.27,18.99,11.73964840953254,3.83,6,2.066772655007949,3.6565977742448332,3.179650238473768,0.05,16,-62.74003131114041,0.65,6,99.06,33.9268680445151,745.9459459459459,16.232114467408582,20.81,68.78,11.1,10.68,38.57,68,0.6,0.025,1.84,86,89,83.93637997232813,29.38853655953168,57.40473264225211,5.255891052195459,6.379286031868631,56,10.1,27.538148314818258,97.81302026425813,46.23211173768215
Eastern Mediterranean,Morocco,72.46,18.54,7.29,1.8,72,30.39090625620092,47.79884910848428,40.97854125917737,0.03,103,0,0.45,5064,69.06,27.182016611389855,327.51084275873797,26.30609178785044,7.2,1892.26,0.4,19.69,41.43,70,0.78,1.9,1.92,99,99,98,24.785960107491885,51.896684591874255,4.586663710981217,5.8866715954763364,95,38.1817996987657,15.5,90.79240464802214,60.52575894431613
Africa,Mozambique,55.95,15.29,5.55,4.05,301,112.30358319747477,293.992160671546,217.36792812792672,5.78,361,339.8,3.67,23920538,336.4,25.561066981164803,147.88580942800652,18.051267820597314,13.55,953.36,2.3,31.14,34.29,46,3.9,27.63,8.1,36,88,80,-8.520979900008317,6.79,-1.7228808586117146,-1.704761249497552,54.003865066606835,180,15.4,60.7937097324334,57.31117981449322
South-East Asia,Myanmar,67.58,17.68,3.1,4.06,245,43.2107402855252,89.22189656802496,70.20516214427532,0.26,372,8.27,2.03,39343021,195,43.953862153729794,212.06580315779522,69.66247518199867,3.19,2612.4,1.7,19.87,50,61,1.72,12.62,2.78,86,90,14,6.2,10.34,0.66,3.1551699247955978,84,59.19400097982165,46.8,84.10235823168885,47.639510340965415
Africa,Namibia,62.87,16.99,10.47,18.99,207,56.37096774193548,128.26612903225808,90.80645161290323,4,604,22.12,0.66,1097233,295.9,32.358870967741936,137.3790322580645,30.383064516129032,10.68,79.54,3.3,31.98,35.71,62,2,18.32,3.97,68.54669271949041,85,84,9.364263265891436,20.42,1.5302015706789698,2.0009762036484307,81,63.9,18.3,78.81815238416732,49.21789139245882
South-East Asia,Nepal,69.43,17.83,5.31,2.69,200,42.43522064658593,68.02263395783734,55.77407445744056,0.04,260,0.43,0.31,17552881,150.6,13.35610530310872,121.01921816237106,111.74136562812683,8.54,1068.84,0.5,16.95,48.57,48,1.75,19.83,2.47,25,87,46,13.784678503577954,27.11171441317485,2.429070596809176,3.1772895377243175,72,62.72093923891885,34.3,58,54.115432266710485
Europe,Netherlands,81.28,23.63,15.06,0.68,6,2.6608583034084887,4.120798257491022,3.4967916642138106,0.04,5.9,-84.62339909412181,0.04,38,58.63,17.837169600282568,224.35391770177196,64.72008006122329,11.91,1336.62,9.6,3.82,47.14,86,0.091,0.24,1.3847655238661658,91,95,94,35.47,109.3,5.13,2.15,94,3,24.3,101.67290983261037,53
Western Pacific,New Zealand,81.31,24.28,19.21,1.29,10,3.861832224844454,6.822570263891869,5.642565972967175,0.03,7.3,-70.72709746000527,1.2,0,66.06,18.345848530358293,213.83823213902596,47.45762711864407,12.16,284.83,10.4,7.81,51.43,87,0.13,0.15,1.0608867552809937,89,92,93,31.52,121.3,6.18,6.76,96,16,16,96.5,60
Americas,Nicaragua,74.62,19.91,17.36,9.62,100,25.21951219512195,41.13821138211382,35.1869918699187,0.08,46,2.89,0.14,926646,145.9,46.52032520325203,152.4227642276423,28.94308943089431,4.35,244.13,5,16.12,38.57,73,0.34,2.24,3.58,83.39182667861019,98,98,9.54,14.66,4.60223428735842,5.902458318772267,88,37.94168021186764,21.53090696270544,95,60.39570308454061
Africa,Niger,61.54,16.82,5.69,10.31,530,122.79301504377692,406.0658830358438,234.02505683742078,0.07,93,358.7,6.01,15233885,250.2,14.792241087408696,92.74415904803367,20.055144391234943,5.29,511.41,0.5,26.04,42.86,37,3.53,70.81,3.48,31,80,76,0.43,2.7,0.009,0.012,75,154,8.4,39.1,80.06693773410834
Africa,Nigeria,61.16,17.81,5,9.79,925,143.5469648905855,471.9812893166299,299.4542717350395,0.57,219,293,2.61,128936746,352.5,13.59911823216302,75.57718156890155,11.857626754126565,3.66,4320.7,6.1,21.4,48.57,42,3.56,68.63,2.87,48.81431919428211,53,49,4.49,17.55,0.22,-1.4273853122514213,66,123.75840086532034,5,55.203751002251046,76.53845425005221
Europe,Norway,82.01,24.2,17.55,0.62,3,1.731684110371075,2.9686013320647007,2.3977164605137964,-1.1474176906959663,6.1,-91.10461144963124,0.01,67,54.66,12.89058039961941,214.86203615604188,60.9895337773549,12.61,355.08,7.1,2.72,52.86,87,0.14,0.21,0.22981388220717625,91,96,94,44.98,174.3,8.62,7.81,98,3.9,20.2,99.1,84
Eastern Mediterranean,Oman,72.52,16.68,7.57,0.71,19,10.440677966101694,22.056497175141242,19.1864406779661,0.04,8.9,0,0.44,0,96.25,24.7909604519774,172.54237288135593,8.861016949152543,4.72,124.28,0.8,15.92,55.71,69,0.93,0.046,2.360398119476561,99,99,99,19.25,44.12,2.76,5.4,95,13.5,9.6,98.7,64.87132350685306
Eastern Mediterranean,Pakistan,64.18,16.83,4.12,5.82,143,134.75515390547764,220.27867062105662,181.46198557993407,0.1,268,6.1,2.75,31683212,159.1,38.80271010284519,221.49863097363914,58.28066851963997,9.09,9271.66,0.3,13.55,50,45,1.67,19.59,1.63,67,75,78,9.62,4.87,0.9,2.061085085844607,53,46,21.6,75.44107841793792,59.574466850413536
Americas,Panama,78.72,24.01,21.7,15.2,55,18.591968269707486,32.02776400594943,27.56569162121963,-0.8059227070381871,56,0.21,0.22,453129,111,30.441249380267724,130.86266732771443,32.07734258800198,3.27,144.4,7.6,14.24,44.29,79,0.11,1.9,0.46,93,86,94,15.7,29.86,2.77,1.96,71,79.2,7.6,94.6,77
Western Pacific,Papua New Guinea,64.49,16.33,8.04,10.81,148,65.98639455782313,137.08101422387136,108.88064316635746,0.39,432,162.7,2.24,6528722,224.3,54.37229437229437,169.4990723562152,79.07235621521336,2.95,348.76,2.4,13.9,25.71,40,1.38,16.31,2.92,66.02170813139878,46,20,6.818183922025845,12.15253293353457,1.098119446686014,1.5585919359273062,65.92800644801699,68,21.48000233861691,75.81225456870985,52.62541653559474
Americas,Paraguay,75.56,21.81,16.18,10.32,86,25.353159851301115,45.234200743494426,38.58736059479554,0.18,41,0,0.65,790833,145.5,41.814126394052046,128.87732342007433,26.052044609665426,5.29,238.67,6.7,22.56,45.71,69,0.28,1.46,0.89,87,92,99,24.564731839999816,7.04,4.586695381648418,5.951394881680484,79,39.26403326528643,14,95.5,62
Americas,Peru,79.08,24.03,15.1,9.18,91,12.969723673443697,26.864732170957385,20.796877950525587,0.13,120,6,0.24,2814779,124.1,18.77321080128407,68.7920941650406,18.071379114999687,2.63,913.22,7,13.86,70,77,0.38,1.28,0.48,66,89,86,13.05,21.76,1.85,6.111833521916633,70,53,11,92.4,51
Western Pacific,Philippines,70.3,17.84,7.17,14.77,124,30.8933410762679,64.12504839334107,50.23615950445219,0.1,554,0.29,1.07,49110117,193.9,36.510840108401084,209.6302748741773,42.32094463801781,2.24,4402.98,6.7,12.24,48.57,61,0.21,4.19,0.73,66,84,36,18.031716217017003,34.498981111697255,0.019,3.9357052067594394,87,46.9,25.1,86.83545979732837,23
Europe,Poland,77.29,21.5,10.95,0.95,2,2.7992884051904565,4.646295521138552,3.9791753871912934,0.40634240902716123,19,-68.90841789169724,0.04,105,110.6,23.621285056509002,460.0957513604019,47.05682293846798,13.83,3532.94,11.6,9.73,41.43,75,0.49,0.091,2.4656291553359706,93,98,85.62998174843125,24.15,57.58,3.5,7.7,74,12,27.4,99.8,49.37494745726131
Europe,Portugal,80.89,23.8,12.91,0.97,9,1.658310836868492,2.9406093328191285,2.39105283455457,-0.3701032919657339,20,-104.84372844755063,0.1,19,75.56,45.266101041264946,328.19128422676437,81.02583879676051,11.35,967.92,11.9,7.44,50,82,0.18,0.15,1.03584592382236,95,98,73,49.4,131.3,9.56,8.51,93,7.9,27.5,99.9,85
Eastern Mediterranean,Qatar,76.41,18.99,6.29,0.58,9,3.8521400778210118,7.392996108949417,6.381322957198444,-0.7052978042475155,22,-16.06522566529158,0.2,36,61.76,16.964980544747082,48.91050583657587,3.006614785992218,6.07,29.37,1.6,9,28.57,68,0.34,0.008,1.7304711486314086,92,98,97,26.94,49.55,8.12,10.39,81.97821249158305,10.3,14.1,100,65.2400709736978
Western Pacific,Republic of Korea,82.2,24.82,13.13,0.87,11,1.269885021263191,2.776027720900929,2.3487950858402895,-0.19121907203764055,76,0.17,0.69,323,60.81,21.385257520869427,127.8252480705623,32.88903764372342,27.19,2232.8,9.1,9.79,47.14,86,0.3,1.81,1.7218026676342721,97,98,98,23.04,70.23,4.74,6.66,85.8788738765478,1.3,23.3,99.49022399062571,55.195368997110485
Europe,Republic of Moldova,71.13,17.76,12.12,5.37,20,11.89655172413793,16.133004926108374,13.817733990147783,0.28,101,-38.10278074649115,0.65,0,166.8,11.44088669950739,609.4088669950739,22.307881773399014,15.87,387.5,12.3,9.69,41.43,69,6.02,0.096,3.48,95,89,77,24.99867466338793,47.60978742702035,4.39950694646479,5.310687443794238,81,23.8,25.1,99.7,44.0060993225421
Europe,Romania,74.82,19.87,11.3,1.57,21,3.8932146829810903,8.448781474365456,6.977449691576499,0.04,74,-61.93779110496533,0.65,22,134.8,13.722317726767114,751.3499848316311,47.461826271614925,10.17,2381.26,11.6,10.33,48.57,74,1.93,0.36,2.805084663657326,76,89,84.65233423989638,22.57,60.92,8.07,9.29,77,36.5,26.8,95.3,48.13106741822233
Europe,Russian Federation,71.3,19.11,8.23,10.92,18,4.590004514986282,9.897544542076199,8.480533462994478,2.0952122195218035,63,-81.62224290600614,0.88,5,202.7,16.32410655367624,730.7032959399854,28.743097280589033,30.99,16714.55,11.9,14.41,41.43,75,4.36,0.1,4.432458469276384,97,97,35,42.82,49.43027998894623,4.710129735635899,5.421890707323136,99,21.5,28.7,98.91176884320403,31.8730394342185
Africa,Rwanda,67.69,17.88,8.88,4.63,260,54.84980701459976,121.87447558315154,92.78402416512839,0.58,62,585.5,1.74,5190529,198.3,16.62191642893103,84.50243329417688,18.895787883873133,5.66,294.26,8.3,30.29,45.71,57,1.88,19.35,6.65,90,98,98,1.23,10.59,1.9190218397350933,2.9518704404095875,67.2774118641219,41,13.9,74.73408562542454,86
Americas,Saint Lucia,75.01,21.69,8.52,19.5,117,15.730337078651685,26.404494382022474,23.59550561797753,0.7564696615423636,1.9,-16.957808343618748,0.39,26921,147.2,83.87640449438203,253.0337078651685,35.264044943820224,7.41,11.21,9.4,34.99,17.14,68,0.14,0.63,6.33,88,95,82.79624372652299,24.147966768932076,47.86073747937424,4.3367514015591215,5.386944913955338,77,32.1,24.879702413928705,92.04862367771514,51.07952976951704
Americas,Saint Vincent and the Grenadines,72.47,20.09,9.56,27.83,67,14.545454545454545,23.636363636363637,21.81818181818182,0.5077418867701823,6.3,-32.20517147115646,0.42,89,168.7,63.92727272727272,286.8181818181818,43.97272727272727,0.65,7.32,7,6.39,17.14,71,0.006,1.33,0.36,99,99,84.19806179714418,26.71129453914903,84.11,4.83138210597267,5.996015618912973,65,54.6,24.96057281447369,98.6,51.98454786350002
Western Pacific,Samoa,70.04,17.68,11.58,3.24,44,22.564102564102562,41.02564102564102,35.38461538461539,1.1910706292567004,7.7,19.219532375187317,1.05,61325,110.4,64.51282051282051,227.43589743589743,43.830769230769235,12.79,9.685,2.7,11.31,30,58,0.48,1.49,22.31,44,80,80.07772926812738,3.45,36.001640793623146,1.49,4.107402929800456,74.98535023399401,50.88132690708099,29.9,87.03007019811746,50.42981381210997
Africa,Sao Tome and Principe,69.6,17.57,8,6.82,130,50.5,109,84.5,0.4541195700697699,162,11.01,1.36,192537,190.6,11.81,111.85,32.4,1.45,5.399,7.3,27.06,28.57,55,0.69,11.36,24.88,76,96,96,10.905483971197437,24.458729984660483,2.048491142920793,2.9736312260185027,16,71.63950504425972,5.5,76.99545817946309,65.82492944355363
Eastern Mediterranean,Saudi Arabia,73.15,19.22,10.06,1.83,17,8.210434998141034,14.85004337588301,12.690544057504027,-0.44392801397813764,10,0.1,0.3,1354,89.13,20.557070268930474,177.91857727103732,14.939893419258892,6.34,998.19,0,28.7,35.71,74,0.9,0.092,2.264628509070297,96,98,98,23.78,56.71,4.38,7.86,97,36.31356645068131,16.6,91.06514360397667,64.31607177167994
Africa,Senegal,67.2,17.85,4.46,8.05,330,81.69608097586297,172.48248118349338,121.62600570983649,0.11,122,45.63,3.48,11635621,185.2,18.582922398131327,86.536465092136,15.474954580846093,6.26,370.23,0.6,24.07,55.71,45,2.17,23.87,5.36,57,93,93,0.77,3,0.081,0.11,63.82894919377584,77.5,9.5,58.6,72.3596096686013
Europe,Serbia,75.21,19.23,11.65,1.93,12,3.5827664399092973,5.804988662131519,5.034013605442176,0.02,19,-79.05999204712265,0.11,0,102.5,42.40362811791383,681.3832199546484,59.35374149659864,15.18,1080.27,8.8,7.36,51.43,65,0.33,0.74,0.1,90,92,84.20805276079503,31.13,60.86,5.558682453737293,8.11,40,15.4,41.2,99.83348838892036,44.17200568486265
Africa,Seychelles,73.2,19.53,9.5,13.78,54,15.957446808510637,25.53191489361702,22.340425531914892,0.3156669749507649,14,4.735553639138349,0.15,0,163.1,45.78723404255319,236.59574468085108,29.957446808510635,8.02,5.716,8.3,15.67,27.14,71,0.54,0.17,34.17,99,96,83.90570823621151,21.21,80.77,3.55,4.7,88,65.3,21.5,89.73792336625768,99
Africa,Sierra Leone,56.94,16.36,7.91,8.2,1120,113.93996755002705,413.6154678204435,297.796106003245,0.81,304,385.8,8.18,7651657,388.8,18.739859383450515,119.0373174689021,19.334775554353705,6.15,214.62,5,30.52,42.86,39,2.93,81.29,11.3,50,84,84,-14.072506286527279,7.47,0.072,0.11,47,131.62903842516585,21.1,52.39562978850884,74.19288757802792
Western Pacific,Singapore,82.81,25.06,13.4,0.41,8,0.8893632159373889,2.4368552116684454,1.9565990750622555,0.04,50,-61.34975666822436,0.47,13098,51.36,7.271433653504092,126.96549270722164,12.11490572749911,9.09,176.88,2.1,2.74,44.29,86,0.04,0.066,1.6232980122826612,88,97,78,22.94,61.68,3.89,5.09,99,2.7,16.6,99.6,0
Europe,Slovakia,77.01,20.95,13.29,1.27,6,3.141072740631888,6.39235855988244,5.23512123438648,0.03962146973819547,5.9,-70.94511355266364,0.56,8,104.1,17.367744305657606,384.7354886113152,24.669360764144013,12.33,459.15,11.2,6.31,45.71,77,0.56,0.045,1.9782068844867624,97,96,96,34.66,60.67,4.96,7.69,95,26.2,32.1,98.1,52.7066150808883
Europe,Slovenia,80.47,23.28,13.26,0.98,7,1.2993262752646777,2.4061597690086622,1.9249278152069298,0.20113539643107758,6.5,-80.45249126298253,1.04,9,72.04,14.634263715110684,379.9807507218479,34.927815206929736,19.05,176.06,12.7,6.46,40,79,0.4,0.021,2.0620060936647544,93,94,49,30.01,96.97,6.85,6.54,74,4.1,23,100.65005509076755,44
Western Pacific,Solomon Islands,64.74,15.27,7.53,4.17,108,31.21869782971619,73.12186978297161,62.77128547579299,1.9160789354467436,81,137.7,2.93,518106,145.6,55.30884808013356,270.9515859766277,46.510851419031724,15.06,28.83,1.6,16.79,31.43,47,1.85,6.18,26.32,71.86461943495485,94,87,1.94,22.723389803256133,0.47,1.2,70.7347400421201,63.72980419742909,38.1,82.46937205980464,46.408324848966465
Africa,South Africa,62.57,17.68,13.34,38.59,122,23.98286173346425,77.19003838257609,60.149959832187804,5.94,805,0.77,1.74,6784419,301.3,68.98152280639115,172.25743104525571,38.029099348388826,24.44,2720.28,9.5,25.81,45.71,69,1.85,13.67,1.55,69,85,82,7.68,13.32,1.1,2.72,71.45072061020969,60.995243859138405,32,96.7,61
Europe,Spain,82.33,24.71,15.09,0.63,4,1.6786053335634763,2.953741261758868,2.429446793820661,0.08,12,-99.02030305226924,0.19,700,55.79,20.56830931216018,255.05091913351168,87.69094675066886,7.84,3761.6,11.4,4.12,52.86,83,0.39,0.15,0.8843797205523258,95,97,90.20950859669581,38.11,56.85,7.66,12.04,95,7.2,28.8,103.75034071341908,78
South-East Asia,Sri Lanka,76.27,20.71,8.56,2.93,36,8.19790364458121,13.68400807769978,11.674199442254062,0.01,65,0,0.64,57572,131.4,65.3572458890278,169.0835657274738,81.10876045773631,14.76,1121.16,2.9,14.73,42.86,66,0.46,1.19,0.98,99,99,83.08537660105603,8.93,19.48,0.69,0.74,79,36.66303290081055,23.3,99.5,51.23451776515592
Eastern Mediterranean,Sudan,67.94,18.52,13.12,6.12,308,95.71237272290861,208.29985598423403,144.72573839662445,0.09,82,47.05,2.86,25572281,223.9,9.939614442002073,178.6528209403977,18.181358801384572,3.86,1215.97,3.6884868270384077,25.54,35.71,44,2.08,17.32,3.34,69,93,93,8.906291642854594,21.263678119585073,1.7192634220141982,2.65384757150222,66.75299990333494,76.95119940959756,15.639119497397655,74.49270870347304,69.2309977821442
Americas,Suriname,72.6,19.84,14.05,7.44,121,23.655913978494624,37.81362007168459,33.691756272401435,0.54,25,0.91,0.36,58237,180.5,55.69892473118279,219.89247311827958,18.9247311827957,24.44,28.88,6.3,14.34,30,71,0.28,2.01,1.09,58,77,81.43321725735267,11.31,19.54,3.8280658753276278,4.768053069744755,72,59.6,24.661903933181414,89.71431000346725,37
Europe,Sweden,81.75,24.02,18.4,1.03,4,1.8601341736125228,3.344175645456393,2.7241309209188858,-0.5959795252858966,8.2,-103.86819323840592,0.32,252,52.43,21.57958934742834,324.9339296605001,53.54746899776377,14.61,819.27,9.1,3.13,47.14,86,0.16,0.22,0.7636763590438247,95,98,97,42.69,117.6,8.22,7.74,93,4.4,30.8,104.41207548052108,73
Europe,Switzerland,82.61,24.84,10.61,0.57,5,3.0349916686503216,4.344203761009283,3.8324208521780525,0.05,7.9,-95.9705450015277,0.17,0,49.2,15.92477981432992,250.42846941204476,42.71601999523923,14.07,588.5,11.5,2.66,35.71,83,0.099,0.14,1.1781532597580573,87,96,80,42.47,173.3,5.03,7,92,2.9,25.4,103.161748339277,56
Eastern Mediterranean,Syrian Arab Republic,64.4,16.23,9.896463589468766,2.62,30,25.729788388497017,58.7194791101465,44.23223005968529,0.01,22,0,0.37,47406,301.1,10.933260987520347,189.19153553988065,13.559413998914813,1.62,606.1,0.3,27.51,32.86,60,0.37,3.67,0.71,52,42,82.55865128314358,12.87,15.41,7.18,10.66,72.0925018566129,60.405454360359734,18.246697569603302,81.48973396620943,65.18124417054773
Europe,Tajikistan,68.66,15.51,5.14,2.05,17,50.00572409845449,114.31024613623354,100.27475672581569,0.16,85,0,0.71,125863,123.3,19.71379507727533,269.5020034344591,19.954207212364054,4.29,365.84,0.9,18.2,34.29,68,0.36,2.7,3.07,97,96,83.1402397258116,19.18723223216414,40.408107227283686,3.5426486081257673,4.6561305074428,74.97182477550801,54.3,20.307161977681805,85.51445538449794,61.1916262158496
South-East Asia,Thailand,77.41,23.53,15.06,4.42,37,6.489602695167286,11.119017193308549,9.50133596654275,0.14,160,1.36,0.17,64109,147.4,41.61971421933085,148.27340845724908,31.836663568773233,8.5,3440.06,8.8,32.55,42.86,80,0.19,3.51,0.37,95,99,85.57448890261803,4.45,27.72,1.62,5.19,98,42.5,23.6,92.44241220246397,58.36793737112649
South-East Asia,Timor-Leste,68.87,18.02,3.12,4.81,152,59.41686367218282,135.85500394011032,116.70606776989756,0.11,498,0.11,0.87,1167125,149.8,17.15524034672971,137.35224586288416,29.04649330181245,3.6,35.81,0.5,13.2,40,52,0.4,9.91,12.12,30,79,78.62713425654971,10.581465402107396,21.80059322381973,1.8923520247915606,2.639622913508077,66,71.10670199076748,39.9,56.7,58.90290784064112
Africa,Togo,61.92,16.49,4.26,9.41,395,88.00946621088615,241.9011306863003,164.12043123849594,0.79,46,340.1,3.36,6328077,265.3,19.274257165395742,118.11727583486721,19.852747830660004,9.31,218.78,2.4,29.61,38.57,43,2.1,41.63,4.82,58.74112292178866,82,82,-0.3702490836820438,3.17,0.001537089625778254,0.6481931359869675,59.581096707367095,79,7.9,65.57595206662506,71.21445949448048
Western Pacific,Tonga,72.33,18.89,7.33,3.61,53,17.757009345794394,41.12149532710281,34.57943925233645,1.2584871260979287,9.1,12.615917520388566,2.35,37131,133,81.81308411214954,149.43925233644862,36.12149532710281,4.11,4.966,0.4,17.8,17.14,58,1.28,1.43,45.41,99,96,80.00078260728723,19.1149222458831,36.80485385986178,3.3632577470763234,4.184743206618667,75.47473127869499,30,30.4,87.79996591657829,49.13559326381289
Americas,Trinidad and Tobago,74.61,21.59,9.76,36.46,68,17.435897435897438,26.593406593406595,23.663003663003664,0.11,18,-40.788821742233296,0.43,19498,171.8,104.10256410256412,206.44688644688645,14.520146520146518,9.83,79.21,6.7,11.98,28.57,74,0.12,0.14,3.61904505012628,65,97,91,26.048503490429926,42.64,4.6245205353995225,5.01,73,32.52131422095577,27.077183964603257,100,6
Eastern Mediterranean,Tunisia,76.7,21.21,13.72,3.29,45,22.020520915548538,31.20231518021573,26.852582653687627,0.05,38,13.297516532879337,0.76,6087,91,20.40691046215908,280.47005174077,21.37156888538104,3.08,544.82,2,22.96,42.86,70,0.67,1.02,0.19,91,93,85.62075135451775,12.83,26.58,3.06,2.29,55,8.5,27.1,89.15162092626241,63.10236657082272
Europe,Turkey,77.79,21.48,9.65,4.89,18,9.959502968105443,20.025908039038132,17.245195693731763,-0.19936439775392478,18,0,0.32,1497,104,28.233474192574704,181.99139752490188,34.516802495220844,2.28,3611.09,1.9,9.43,38.57,74,0.45,0.3,0.36,85,98,98,18.14,25.73,3.34,3.49,80.7660486785743,22.9,29.8,92.576271030058,60.609039066224305
Africa,Uganda,64.47,17.36,5.14,13.13,381,82.76610104126495,197.4691477053606,141.83860393366757,2.02,201,283.1,3.16,23486474,287.9,12.671133821827999,58.132472040107984,11.80100269957578,4.74,752.71,13,30.36,48.57,45,1.89,31.56,6.31,62.792631410172625,93,77,3.6593187046936713,16.4,0.640397757567944,1.2248525872840665,63.05761657862609,87.97939865500621,10.9,74.2,30
Europe,Ukraine,72.2,18.93,8.97,6.98,20,5.553680325839915,9.491662728684263,8.062737685366457,0.3,87,-12.853813327824316,0.46,1,180.1,5.992484079299714,903.1188820630528,22.219221854677198,21.35,5687.44,10.1,13.62,38.57,68,2.3,0.27,1.46,31,19,79.9917318680713,21.515506458589893,40.58625253821738,3.7559386469452876,4.561461536838375,77.50516117790146,23.2,26.6,90.8427790414893,44.85309074178717
Eastern Mediterranean,United Arab Emirates,75.31,19.41,7.89,0.82,3,4.53074433656958,8.457389428263214,7.249190938511327,-0.7020357629701737,0.79,0,0.08,40,73.95,15.210355987055015,70.78748651564186,14.433656957928802,5.95,139.26,3.8,17.93,45.71,76,0.35,0.029,1.736227708037604,98,99,99,23.71,55.31,5.52,7.34,91,7.9,18.5,93.37158584346298,65.22147090680298
Europe,United Kingdom of Great Britain and Northern Ireland,80.65,23.52,19.1,1.45,7,3.2741035735457293,5.291158096338293,4.531152624298895,-0.7686744570821289,9.8,-80.83638886763747,0.22,472,66.68,10.88175834866011,242.72294760522274,77.18463572937725,8.48,5467.96,11.2,3.05,45.71,87,0.32,0.2,0.8359183482311385,89,94,92,55.1,82.75,5.26,8.53,88,13.7,20.6,101.66467664792754,83
Africa,United Republic of Tanzania,65.36,17.83,9.52,8.11,539,77.43467933491686,194.34247462751026,140.20909810696034,1.91,287,130.1,1.69,26823106,260.7,11.997048873533434,65.72554523860937,8.578060893975383,4.24,1019.56,11.8,30.64,40,43,2.16,38.4,4.66,63,92,89,2.97489747950031,8.11178134951102,0.5661210313855385,1.2208948471444678,62.351889619933395,138.9,14.1,69.56926032950562,66.51180301466802
Americas,United States of America,78.56,23.11,22.45,6.21,19,4.633745111428394,8.151343969209758,6.96629213483146,0.12,3.1,-96.38317896135578,0.04,1158,114.1,25.046557824818425,254.83301260165123,74.58315227512571,15.15,24166.2,9.8,12.86,47.14,84,0.51,0.23,1.7809351947943592,94,95,93,35.38676677351249,70.79109900258996,6.426170124652417,7.839759673450052,96,20.1,25.7,99.1,36
Americas,Uruguay,77.03,21.78,20.28,7.99,18,6.707317073170732,11.759581881533101,10.133565621370499,0.19769626293523612,30,-87.41601141917879,0.35,1340,113.9,28.919860627177698,284.6109175377468,88.29849012775843,21.12,292.61,7,13.43,50,80,0.53,0.36,0.05,92,95,94,39.56,68.28853435665481,12.19,7.572736215996031,82,50.3,23.2,100,45
Europe,Uzbekistan,71.45,17.76,9.11,1.96,29,26.918306992717906,46.78983686838172,41.841829109295006,0.15,76,0,0.6,405951,130.7,21.77632206569784,311.52097179381184,9.771997328839,9.14,1444.53,2.5,11.5,35.71,73,0.91,0.44,1.79,99,99,99,25.02047944483084,52.099953100855885,4.617047203445157,5.901569294107005,79.50095264289175,20.9,12.6,100,59.52719723998654
Western Pacific,Vanuatu,64.64,15.51,3.73,2.44,74,38.888888888888886,86.29629629629629,72.96296296296296,1.6881326870062128,56,15.01,8.48,271465,129.4,53.7037037037037,294.3703703703704,59.148148148148145,18.04,14.67,1.9,15.45,25.71,48,0.76,10.42,7.2,70.91732387235861,81,76.88929538706255,1.65,21.83091874531635,2.003027094534281,2.580589235931081,69.8715424521842,66.53384999571064,24.8,80.93448223916614,49.960929835945656
Americas,Venezuela (Bolivarian Republic of),74.66,21.84,7.33,61.13,121,25.30727318803852,42.4955651292448,36.701723264064874,0.2,34,18.89,0.62,282294,156.7,43.227318803852,150.85846426761276,20.460593005575266,2.19,1106.62,6.9,35.64,41.43,74,0.25,1.39,0,53,84,7,20.18127580908129,41.648684948330704,3.689633145899195,4.769243672101989,94,48.53490261281259,21.552022324087705,99.3,58.282555267054434
Western Pacific,Viet Nam,73.16,19.4,9.64,1.79,44,18.990366822108726,35.7506159523734,28.630946716154345,0.11,193,0.073,1.2,6953978,124.8,42.68312026139644,290.95898233036195,45.96220748871195,7.69,5600.4,7,26.67,40,75,0.9,1.62,0.84,95,96,83.29138530263423,8.28,14.46,4.3116191708199745,3.39,99,39.11133042262401,23.9057842184047,91.27562212222657,53.55810885394253
Eastern Mediterranean,Yemen,67.47,17.97,8.112191890343231,8.97,165,82.85962877030163,174.35832366589327,133.42879930394432,0.04,48,37.75,2.54,5985649,221.3,8.341792343387471,168.02856728538282,17.836426914153133,5.71,758.89,0,27.3,37.14,42,1.72,10.2,2.44,49,71,71,7.534790377078391,7.49,1.4378026271995856,2.281814384739722,65.78523968788285,79.84121132221686,21.7,73.56455640894649,67.5243567795193
Africa,Zambia,60.5,16.13,7.04,6.76,222,89.14471701524923,239.23814116087036,166.0659393647158,4.11,376,201.8,1.84,11573334,286.3,16.961002953408475,99.28274365619913,13.163763486227472,8.46,410.57,4.5,21.22,38.57,53,2.84,34.91,10.75,58,95,94,0.93,3.379684745535556,0.19,0.71,61.77881762121848,91.73355097179183,15.2,69.94705129021585,58.844443108447045
Africa,Zimbabwe,58.48,15.11,7.56,13.51,468,77.70897832817337,170.86687306501548,117.8266253869969,3.91,233,68.34,4.38,9958235,334,24.513931888544892,109.14551083591331,18.222910216718265,16.75,466.4,5.3,39.92,41.43,54,4.17,24.55,4.94,63,90,90,1.79,14,0.097,0.16,73,92.35143126860987,14.3,70.1489880984463,55.19217801435922
